Symbol,Description,Category2,Category3,GICS Sector,Market cap,Dividend yield,Price to TTM earnings,Price to TTM sales,Price to book value,Action
A,Agilent Technologies Inc,Common stocks,Large cap,Health Care,"$35,617,948,597 ",0.69%,29.41,5.53,6.88,Analyze
AAL,American Airlines Group Inc,Common stocks,Mid cap,Industrials,"$9,593,334,305 ",0.00%,-4.03,0.28,-1.07,Analyze
AAP,Advance Auto Parts Inc,Common stocks,Large cap,Consumer Discretionary,"$11,148,025,428 ",2.69%,18.24,1.01,3.59,Analyze
AAPL,Apple Inc,Common stocks,Large cap,Information Technology,"$2,360,770,500,660 ",0.61%,23.16,6.12,35.03,Analyze
ABBV,Abbvie Inc,Common stocks,Large cap,Health Care,"$269,413,603,254 ",3.51%,21.55,4.75,16.51,Analyze
ABC,AmerisourceBergen Corp,Common stocks,Large cap,Health Care,"$29,614,027,389 ",1.28%,16.87,0.13,52.95,Analyze
ABMD,Abiomed Inc,Common stocks,Large cap,Health Care,"$11,692,064,689 ",0.00%,51.86,11.33,7.78,Analyze
ABT,Abbott Laboratories,Common stocks,Large cap,Health Care,"$189,627,049,899 ",1.69%,24.07,4.26,5.25,Analyze
ACN,Accenture Plc Class A,Common stocks,Large cap,Information Technology,"$181,124,146,683 ",1.38%,28.28,3.19,8.79,Analyze
ADBE,Adobe Inc,Common stocks,Large cap,Information Technology,"$175,752,720,000 ",0.00%,36.41,10.89,12.76,Analyze
ADI,Analog Devices Inc,Common stocks,Large cap,Information Technology,"$76,957,282,445 ",1.95%,46.86,7.89,2.07,Analyze
ADM,Archer-Daniels-Midland Company,Common stocks,Large cap,Consumer Staples,"$40,993,262,210 ",2.10%,13.31,0.46,1.72,Analyze
ADP,Automatic Data Processing Inc,Common stocks,Large cap,Information Technology,"$88,683,542,898 ",1.89%,30.99,5.62,21.15,Analyze
ADSK,Autodesk Inc,Common stocks,Large cap,Information Technology,"$37,442,519,088 ",0.00%,75.34,8.54,44.1,Analyze
AEE,Ameren Corp,Common stocks,Large cap,Utilities,"$22,599,983,805 ",2.58%,22.29,3.37,2.29,Analyze
AEP,American Electric Power Inc,Common stocks,Large cap,Utilities,"$48,463,163,889 ",3.22%,18.44,2.83,879.55,Analyze
AES,AES Corp,Common stocks,Large cap,Utilities,"$14,071,802,720 ",2.90%,-95.65,1.24,4.59,Analyze
AFL,Aflac Inc,Common stocks,Large cap,Financials,"$35,905,731,348 ",2.60%,8.65,1.69,1.19,Analyze
AIG,American International Group Inc,Common stocks,Large cap,Financials,"$40,496,853,609 ",2.48%,4.12,0.76,0.72,Analyze
AIZ,Assurant Inc,Common stocks,Mid cap,Financials,"$9,363,749,381 ",1.55%,6.97,0.91,1.88,Analyze
AJG,Arthur J Gallagher,Common stocks,Large cap,Financials,"$34,623,407,760 ",1.20%,35.9,4.09,3.85,Analyze
AKAM,Akamai Technologies Inc,Common stocks,Large cap,Information Technology,"$14,320,062,891 ",0.00%,23.28,4.07,3.33,Analyze
ALB,Albemarle Corp,Common stocks,Large cap,Materials,"$22,933,007,347 ",0.80%,81.58,6.32,3.94,Analyze
ALGN,Align Technology Inc,Common stocks,Large cap,Health Care,"$19,621,005,092 ",0.00%,27.79,4.87,5.35,Analyze
ALK,Alaska Air Group Inc,Common stocks,Mid cap,Industrials,"$5,270,638,243 ",0.00%,11.16,0.75,1.43,Analyze
ALL,Allstate Corp,Common stocks,Large cap,Financials,"$35,206,073,234 ",2.57%,9.9,0.7,1.5,Analyze
ALLE,Allegion PLC,Common stocks,Mid cap,Industrials,"$8,509,174,797 ",1.58%,17.91,2.94,11.3,Analyze
AMAT,Applied Material Inc,Common stocks,Large cap,Information Technology,"$77,190,421,888 ",1.37%,11.43,3.11,6.67,Analyze
AMCR,Amcor plc,Common stocks,Large cap,Materials,"$18,724,473,119 ",3.80%,19.54,1.33,4.12,Analyze
AMD,Advanced Micro Devices Inc,Common stocks,Large cap,Information Technology,"$123,741,983,549 ",0.00%,36.47,6.56,2.24,Analyze
AME,Ametek Inc,Common stocks,Large cap,Industrials,"$25,460,137,592 ",0.76%,24.25,4.4,3.65,Analyze
AMGN,Amgen Inc,Common stocks,Large cap,Health Care,"$131,931,357,453 ",2.96%,23.05,5.01,144.03,Analyze
AMP,Ameriprise Finance Inc,Common stocks,Large cap,Financials,"$25,459,374,645 ",1.99%,8.13,1.84,5,Analyze
AMT,American Tower Corporation,REITs,Large cap,Real Estate,"$116,592,201,825 ",2.15%,44.33,11.83,21.78,Analyze
AMZN,Amazon.Com Inc.,Common stocks,Large cap,Consumer Discretionary,"$1,111,204,280,000 ",0.00%,51.89,2.33,8.29,Analyze
ANET,Arista Networks Inc,Common stocks,Large cap,Information Technology,"$30,289,975,244 ",0.00%,32.49,9.59,7.3,Analyze
ANSS,Ansys Inc,Common stocks,Large cap,Information Technology,"$20,755,842,632 ",0.00%,45.8,10.54,4.76,Analyze
AON,Aon Plc,Common stocks,Large cap,Financials,"$57,462,588,525 ",0.77%,41.92,4.66,48.62,Analyze
AOS,A O Smith Corp,Common stocks,Mid cap,Industrials,"$9,064,476,680 ",1.95%,14.17,2.42,3.99,Analyze
APA,Apache Corp,Common stocks,Large cap,Energy,"$10,968,877,121 ",1.04%,4.41,1.25,11.77,Analyze
APD,Air Products And Chemicals Inc,Common stocks,Large cap,Materials,"$51,435,887,731 ",2.67%,22.62,4.52,3.62,Analyze
APH,Amphenol Corp,Common stocks,Large cap,Information Technology,"$38,443,778,175 ",1.15%,22.71,3.36,5.96,Analyze
APTV,Aptiv Plc,Common stocks,Large cap,Consumer Discretionary,"$24,359,399,467 ",0.00%,75.67,1.54,2.89,Analyze
ARE,"Alexandria Real Estate Equities, Inc",REITs,Large cap,Real Estate,"$23,374,435,889 ",3.18%,56.98,10.39,1.36,Analyze
ATO,Atmos Energy Corp,Common stocks,Large cap,Utilities,"$15,548,829,092 ",2.38%,21.29,4.1,1.72,Analyze
ATVI,Activision Blizzard Inc,Common stocks,Large cap,Communication Services,"$59,845,207,867 ",0.61%,24.19,7.21,3.36,Analyze
AVB,"AvalonBay Communities, Inc",REITs,Large cap,Real Estate,"$26,752,818,980 ",3.29%,23.7,11.35,2.43,Analyze
AVGO,Broadcom Inc.,Common stocks,Large cap,Information Technology,"$194,385,726,249 ",4.03%,25.81,6.82,8.45,Analyze
AVY,Avery Dennison Corp,Common stocks,Large cap,Materials,"$13,567,022,905 ",1.68%,18.28,1.56,6.89,Analyze
AWK,American Water Works Inc,Common stocks,Large cap,Utilities,"$26,904,937,446 ",1.65%,20.89,6.93,3.61,Analyze
AXP,American Express,Common stocks,Large cap,Financials,"$104,810,929,492 ",1.36%,13.44,2.33,4.69,Analyze
AZO,Autozone Inc,Common stocks,Large cap,Consumer Discretionary,"$42,065,931,201 ",0.00%,17.59,2.7,-13.51,Analyze
BA,Boeing,Common stocks,Large cap,Industrials,"$87,059,212,826 ",0.00%,-17.44,1.43,-5.53,Analyze
BAC,Bank of America Corp,Common stocks,Large cap,Financials,"$252,663,799,544 ",2.66%,8.4,2.82,0.93,Analyze
BALL,Ball Corporation,Common stocks,Large cap,Materials,"$21,636,915,959 ",1.18%,19.23,1.5,5.55,Analyze
BAX,Baxter International Inc,Common stocks,Large cap,Health Care,"$32,568,234,893 ",1.74%,30.38,2.4,3.54,Analyze
BBWI,"Bath & Body Works, Inc.",Common stocks,Mid cap,Consumer Discretionary,"$6,141,549,786 ",2.59%,5.17,0.65,-4.13,Analyze
BBY,Best Buy Inc,Common stocks,Large cap,Consumer Discretionary,"$15,856,359,221 ",4.42%,9.33,0,5.32,Analyze
BDX,Becton Dickinson,Common stocks,Large cap,Health Care,"$67,537,511,903 ",1.42%,36.68,3.37,2.74,Analyze
BEN,Franklin Resources Inc,Common stocks,Large cap,Financials,"$12,013,177,252 ",4.71%,6.38,1.39,1.04,Analyze
BF,Brown Forman Inc Class B,Common stocks,Large cap,Consumer Staples,"$33,289,720,724 ",1.21%,26.94,8.88,8.63,Analyze
BIIB,Biogen Inc,Common stocks,Large cap,Health Care,"$31,572,124,963 ",0.00%,21.78,2.92,2.81,Analyze
BIO,Bio Rad Laboratories Inc Class A,Common stocks,Large cap,Health Care,"$14,967,179,102 ",0.00%,-122.8,5.17,1.22,Analyze
BK,Bank Of New York Mellon Corp,Common stocks,Large cap,Financials,"$33,741,732,610 ",3.22%,9.83,2.16,0.8,Analyze
BKNG,Booking Holdings Inc,Common stocks,Large cap,Consumer Discretionary,"$70,613,374,742 ",0.00%,135.8,5.64,16.15,Analyze
BKR,Baker Hughes Company Class A,Common stocks,Large cap,Energy,"$28,458,747,600 ",1.29%,88.45,1.38,1.72,Analyze
BLK,Blackrock Inc,Common stocks,Large cap,Financials,"$91,400,398,709 ",2.96%,14.72,4.65,2.41,Analyze
BMY,Bristol Myers Squibb,Common stocks,Large cap,Health Care,"$159,701,110,968 ",2.78%,25.38,3.4,5.02,Analyze
BR,Broadridge Financial Solutions Inc,Common stocks,Large cap,Information Technology,"$17,125,667,887 ",1.74%,31.02,3.1,9.39,Analyze
BRK,Berkshire Hathaway Inc. Class B,Common stocks,Large cap,Financials,"$612,090,789,643 ",0.00%,4.32,1.72,0.7,Analyze
BRO,Brown & Brown Inc,Common stocks,Large cap,Financials,"$16,665,395,499 ",0.68%,27.35,5.31,3.83,Analyze
BSX,Boston Scientific Corp,Common stocks,Large cap,Health Care,"$52,722,585,819 ",0.00%,69.81,4.34,3.14,Analyze
BWA,BorgWarner Inc,Common stocks,Mid cap,Consumer Discretionary,"$8,267,728,488 ",1.96%,11.98,0.56,1.14,Analyze
BXP,"Boston Properties, Inc",REITs,Large cap,Real Estate,"$13,789,105,422 ",4.39%,24.78,4.71,2.32,Analyze
C,Citigroup Inc,Common stocks,Large cap,Financials,"$91,378,668,498 ",4.36%,5.25,1.28,0.46,Analyze
CAG,Conagra Brands Inc,Common stocks,Large cap,Consumer Staples,"$17,083,559,078 ",3.46%,16.51,1.5,1.95,Analyze
CAH,Cardinal Health Inc,Common stocks,Large cap,Health Care,"$14,493,135,658 ",3.65%,-15.09,0.08,-20.68,Analyze
CARR,Carrier Global Corporation,Common stocks,Large cap,Industrials,"$30,646,974,500 ",1.57%,11.4,1.49,4.27,Analyze
CAT,Caterpillar Inc,Common stocks,Large cap,Industrials,"$93,064,800,740 ",2.53%,14.28,1.77,5.43,Analyze
CB,Chubb Ltd,Common stocks,Large cap,Financials,"$81,310,211,711 ",1.67%,9.8,2,1.42,Analyze
CBOE,"Cboe Global Markets, Inc.",Common stocks,Large cap,Financials,"$12,755,371,028 ",1.59%,25.07,3.69,3.51,Analyze
CBRE,CBRE Group Inc,Common stocks,Large cap,Real Estate,"$25,024,444,014 ",0.00%,12.53,0.86,2.9,Analyze
CCI,Crown Castle International Corp.,REITs,Large cap,Real Estate,"$74,022,435,208 ",3.32%,50.73,11.22,9.21,Analyze
CCL,Carnival Corp,Common stocks,Large cap,Consumer Discretionary,"$10,079,428,846 ",0.00%,-0.95,2.88,0.87,Analyze
CDAY,Ceridian HCM Holding Inc.,Common stocks,Mid cap,Information Technology,"$7,415,485,890 ",0.00%,-88.5,6.85,3.46,Analyze
CDNS,Cadence Design Systems Inc,Common stocks,Large cap,Information technology,"$42,527,552,980 ",0.00%,57.15,13.48,15.41,Analyze
CDW,CDW Corp,Common stocks,Large cap,Information Technology,"$21,375,306,904 ",1.20%,21.24,0.97,23.93,Analyze
CE,Celanese Corporation,Common stocks,Large cap,Materials,"$12,093,773,672 ",2.42%,5.66,1.3,2.54,Analyze
CEG,Constellation Energy Corporation,Common stocks,Large cap,Utilities,"$19,350,378,039 ",0.48%,-30.91,0.92,1.74,Analyze
CF,CF Industries Holdings Inc,Common stocks,Large cap,Materials,"$17,816,672,905 ",1.51%,10.82,2.13,4.46,Analyze
CFG,Citizens Financial Group Inc,Common stocks,Large cap,Financials,"$17,865,783,950 ",4.27%,8.7,2.69,0.79,Analyze
CHD,Church And Dwight Inc,Common stocks,Large cap,Consumer Staples,"$22,987,997,826 ",1.08%,28.75,4.38,6.85,Analyze
CHRW,"C.H. Robinson Worldwide, Inc.",Common stocks,Large cap,Industrials,"$12,333,363,275 ",2.21%,13.1,0.49,5.89,Analyze
CHTR,Charter Communications Inc Class A,Common stocks,Large cap,Communication Services,"$78,574,461,336 ",0.00%,15.56,1.5,6.52,Analyze
CI,Cigna Corp,Common stocks,Large cap,Health Care,"$88,630,338,816 ",1.51%,16.12,0.5,1.88,Analyze
CINF,Cincinnati Financial Corp,Common stocks,Large cap,Financials,"$18,734,303,507 ",2.24%,9.13,2.17,1.55,Analyze
CL,Colgate-Palmolive,Common stocks,Large cap,Consumer Staples,"$65,619,227,840 ",2.30%,32.15,3.75,204.73,Analyze
CLX,Clorox,Common stocks,Large cap,Consumer Staples,"$17,709,980,193 ",3.19%,39.67,2.49,45.42,Analyze
CMA,Comerica Inc,Common stocks,Mid cap,Financials,"$9,596,498,931 ",3.66%,9.75,3.48,1.36,Analyze
CMCSA,Comcast A Corp,Common stocks,Large cap,Communication Services,"$177,705,172,287 ",2.61%,12.36,1.48,1.88,Analyze
CME,CME Group Inc Class A,Common stocks,Large cap,Financials,"$73,022,983,504 ",1.86%,26.53,15.27,2.63,Analyze
CMG,Chipotle Mexican Grill Inc,Common stocks,Large cap,Consumer Discretionary,"$35,273,509,654 ",0.00%,52.13,4.51,16.71,Analyze
CMI,Cummins Inc,Common stocks,Large cap,Industrials,"$28,384,647,846 ",2.88%,14.47,1.17,3.34,Analyze
CMS,CMS Energy Corp,Common stocks,Large cap,Utilities,"$19,122,409,179 ",2.69%,19.15,2.49,1.95,Analyze
CNC,Centene Corp,Common stocks,Large cap,Health Care,"$50,832,528,040 ",0.00%,9.99,0.38,1.83,Analyze
CNP,Centerpoint Energy Inc,Common stocks,Large cap,Utilities,"$18,530,972,289 ",2.28%,11.62,2.16,1.84,Analyze
COF,Capital One Financial Corp,Common stocks,Large cap,Financials,"$42,072,142,218 ",2.23%,3.75,1.34,0.74,Analyze
COO,"Cooper Companies, Inc.",Common stocks,Large cap,Health Care,"$15,851,759,508 ",0.02%,15.35,5.23,2.08,Analyze
COP,ConocoPhillips,Common stocks,Large cap,Energy,"$107,938,364,697 ",3.56%,8.36,2.01,2.18,Analyze
COST,Costco Wholesale Corp,Common stocks,Large cap,Consumer Staples,"$217,304,333,891 ",0.67%,39.42,1.03,11.19,Analyze
CPB,Campbell Soup,Common stocks,Large cap,Consumer Staples,"$14,695,141,866 ",2.99%,16.14,1.77,4.44,Analyze
CPRT,Copart Inc,Common stocks,Large cap,Industrials,"$26,586,054,351 ",0.00%,24.56,7.9,6.11,Analyze
CPT,Camden Property Trust,REITs,Large cap,Real Estate,"$14,120,404,009 ",2.65%,39.91,11.89,3.34,Analyze
CRL,Charles River Laboratories International,Common stocks,Large cap,Health Care,"$11,051,073,147 ",0.00%,25.78,3.04,4.17,Analyze
CRM,Salesforce.Com Inc,Common stocks,Large cap,Information Technology,"$165,498,350,000 ",0.00%,112.65,6.25,2.8,Analyze
CSCO,Cisco Systems Inc,Common stocks,Large cap,Information Technology,"$177,481,718,626 ",3.48%,14.78,3.44,4.39,Analyze
CSX,CSX Corp,Common stocks,Large cap,Industrials,"$61,792,467,836 ",1.35%,15.71,4.71,4.69,Analyze
CTAS,Cintas Corp,Common stocks,Large cap,Industrials,"$38,623,560,906 ",1.00%,31.99,5.07,11.73,Analyze
CTLT,Catalent Inc,Common stocks,Large cap,Health Care,"$18,747,496,723 ",0.00%,38.31,3.99,4.01,Analyze
CTRA,Coterra Energy Inc.,Common stocks,Large cap,Energy,"$21,224,907,888 ",2.01%,13.33,4.55,1.87,Analyze
CTSH,Cognizant Technology Solutions,Common stocks,Large cap,Information Technology,"$33,954,475,546 ",1.57%,15.47,1.79,2.84,Analyze
CTVA,"Corteva, Inc.",Common stocks,Large cap,Materials,"$38,037,672,000 ",1.06%,21.83,2.37,1.46,Analyze
CTXS,Citrix Systems Inc,Common stocks,Large cap,Information Technology,"$12,921,278,846 ",0.72%,46.53,3.96,19.44,Analyze
CVS,CVS Health Corp,Common stocks,Large cap,Health Care,"$124,548,135,849 ",2.19%,15.32,0.42,1.66,Analyze
CVX,Chevron Corp,Common stocks,Large cap,Energy,"$272,951,885,308 ",3.97%,13.22,1.54,1.85,Analyze
CZR,Caesars Entertainment Corp,Common stocks,Mid cap,Consumer Discretionary,"$8,300,256,902 ",0.00%,-13.93,0.82,2.19,Analyze
D,Dominion Energy Inc,Common stocks,Large cap,Utilities,"$64,293,175,555 ",3.23%,21.47,4.47,2.19,Analyze
DAL,Delta Air Lines Inc,Common stocks,Large cap,Industrials,"$19,931,067,235 ",0.00%,36.9,0.57,6.37,Analyze
DD,"DuPont de Nemours, Inc.",Common stocks,Large cap,Materials,"$28,243,564,531 ",2.25%,17.87,1.77,1.07,Analyze
DE,Deere & Company,Common stocks,Large cap,Industrials,"$90,455,933,485 ",1.44%,16.07,2.05,4.8,Analyze
DFS,Discover Financial Services,Common stocks,Large cap,Financials,"$28,048,745,534 ",2.09%,5.59,2.3,2.08,Analyze
DG,Dollar General Corp,Common stocks,Large cap,Consumer Discretionary,"$56,190,841,836 ",0.78%,23.33,1.65,8.94,Analyze
DGX,Quest Diagnostics Inc,Common stocks,Large cap,Health Care,"$15,737,476,605 ",1.90%,8.33,1.47,2.45,Analyze
DHI,D R Horton Inc,Common stocks,Large cap,Consumer Discretionary,"$26,191,050,674 ",1.17%,5.16,0.86,1.55,Analyze
DHR,Danaher Corp,Common stocks,Large cap,Health Care,"$183,732,298,768 ",0.36%,29.01,6.07,3.94,Analyze
DIS,Walt Disney,Common stocks,Large cap,Communication Services,"$170,411,286,989 ",0.00%,63.83,2.22,1.87,Analyze
DISH,Dish Network Corp Class A,Common stocks,Mid cap,Communication Services,"$9,162,797,921 ",0.00%,2.3,0.52,0.32,Analyze
DLR,"Digital Realty Trust, Inc",REITs,Large cap,Real Estate,"$35,399,008,215 ",3.78%,25.49,7.93,1.98,Analyze
DLTR,Dollar Tree Inc,Common stocks,Large cap,Consumer Discretionary,"$36,856,382,189 ",0.00%,25.96,1.4,4.78,Analyze
DOV,Dover Corp,Common stocks,Large cap,Industrials,"$17,410,616,716 ",1.65%,15.45,2.15,3.99,Analyze
DOW,Dow Inc.,Common stocks,Large cap,Materials,"$36,710,894,874 ",5.46%,5.25,0.63,1.92,Analyze
DPZ,Dominos Pizza Inc,Common stocks,Large cap,Consumer Discretionary,"$14,111,283,280 ",1.04%,29.91,3.22,-3.45,Analyze
DRE,Duke Realty Corporation,REITs,Large cap,Real Estate,"$21,883,185,829 ",1.91%,21.4,19.99,3.51,Analyze
DRI,Darden Restaurants Inc,Common stocks,Large cap,Consumer Discretionary,"$14,447,978,602 ",3.84%,13.95,1.55,6.35,Analyze
DTE,DTE Energy,Common stocks,Large cap,Utilities,"$24,258,080,975 ",2.75%,26.71,1.5,2.72,Analyze
DUK,Duke Energy Corp,Common stocks,Large cap,Utilities,"$82,895,184,897 ",3.61%,22.38,3.18,1.67,Analyze
DVA,Davita Inc,Common stocks,Mid cap,Health Care,"$7,993,700,000 ",0.00%,8.8,0.69,9.42,Analyze
DVN,Devon Energy Corp,Common stocks,Large cap,Energy,"$34,273,800,000 ",6.11%,9.68,2.45,3.73,Analyze
DXC,DXC Technology Company,Common stocks,Mid cap,Information Technology,"$6,581,907,972 ",0.00%,-10.75,0.4,1.37,Analyze
DXCM,Dexcom Inc,Common stocks,Mid cap,Health Care,"$7,658,729,071 ",0.00%,36.18,2.98,3.5,Analyze
EA,Electronic Arts Inc,Common stocks,Large cap,Communication Services,"$34,105,104,711 ",0.57%,43.23,4.88,4.47,Analyze
EBAY,Ebay Inc,Common stocks,Large cap,Consumer Discretionary,"$24,185,180,232 ",1.85%,2.08,2.36,3.43,Analyze
ECL,Ecolab Inc,Common stocks,Large cap,Materials,"$45,070,672,249 ",1.27%,40.11,3.44,6.28,Analyze
ED,Consolidated Edison Inc,Common stocks,Large cap,Utilities,"$32,885,656,145 ",3.33%,21.44,2.34,1.61,Analyze
EFX,Equifax Inc,Common stocks,Large cap,Industrials,"$22,898,687,574 ",0.83%,29.55,4.51,5.89,Analyze
EIX,Edison International,Common stocks,Large cap,Utilities,"$23,715,986,464 ",4.37%,40.56,1.49,1.51,Analyze
EL,Estee Lauder Inc Class A,Common stocks,Large cap,Consumer Staples,"$88,340,592,054 ",0.95%,16.95,4.88,9.25,Analyze
ELV,"Elevance Health, Inc.",Common stocks,Large cap,Health Care,"$115,231,292,297 ",1.00%,0,0,0,Analyze
EMN,Eastman Chemical,Common stocks,Large cap,Materials,"$11,690,919,148 ",3.24%,13.96,1.08,1.94,Analyze
EMR,Emerson Electric,Common stocks,Large cap,Industrials,"$46,955,700,000 ",2.57%,16.29,2.48,4.42,Analyze
ENPH,Enphase Energy Inc,Common stocks,Large cap,Information Technology,"$25,583,800,443 ",0.00%,154.52,16.81,77.3,Analyze
EOG,EOG Resources Inc,Common stocks,Large cap,Energy,"$58,272,633,429 ",2.26%,13.3,2.6,2.7,Analyze
EPAM,Epam Systems Inc,Common stocks,Large cap,Information Technology,"$17,416,807,782 ",0.00%,37.38,4.2,6.77,Analyze
EQIX,"Equinix, Inc.",REITs,Large cap,Real Estate,"$57,179,434,928 ",1.89%,116.39,8.44,5.23,Analyze
EQR,Equity Residential,REITs,Large cap,Real Estate,"$26,803,191,450 ",3.40%,19.82,10.64,2.46,Analyze
ES,Eversource Energy,Common stocks,Large cap,Utilities,"$28,755,938,980 ",2.97%,22,2.74,1.92,Analyze
ESS,"Essex Property Trust, Inc",REITs,Large cap,Real Estate,"$17,252,491,648 ",3.21%,43.46,11.76,2.87,Analyze
ETN,"Eaton Corporation, PLC",Common stocks,Large cap,Industrials,"$50,625,120,000 ",2.46%,22.62,2.56,3.02,Analyze
ETR,Entergy Corp,Common stocks,Large cap,Utilities,"$22,570,480,702 ",3.54%,21.01,1.92,1.89,Analyze
ETSY,Etsy Inc,Common stocks,Large cap,Consumer Discretionary,"$10,880,116,751 ",0.00%,24.96,4.61,16.07,Analyze
EVRG,Evergy Inc,Common stocks,Large cap,Utilities,"$14,909,203,592 ",3.47%,18.26,2.87,1.6,Analyze
EW,Edwards Lifesciences Corp,Common stocks,Large cap,Health Care,"$59,899,562,246 ",0.00%,38.77,11.18,10.2,Analyze
EXC,Exelon Corp,Common stocks,Large cap,Utilities,"$43,351,458,095 ",2.73%,16.73,1.36,1.85,Analyze
EXPD,Expeditors International Of Washington,Common stocks,Large cap,Industrials,"$16,161,409,185 ",1.30%,10.96,0.9,4.21,Analyze
EXPE,Expedia Inc,Common stocks,Large cap,Consumer Discretionary,"$13,949,390,099 ",0.00%,64.88,1.45,6.71,Analyze
EXR,Extra Space Storage Inc,REITs,Large cap,Real Estate,"$22,424,736,954 ",3.26%,27.18,13.49,7.01,Analyze
F,Ford Motor Company,Common stocks,Large cap,Consumer Discretionary,"$45,649,437,505 ",2.58%,3.93,0.33,1.01,Analyze
FANG,Diamondback Energy Inc,Common stocks,Large cap,Energy,"$19,596,961,389 ",2.02%,7.15,2.44,1.54,Analyze
FAST,Fastenal,Common stocks,Large cap,Industrials,"$28,774,545,540 ",2.34%,29.24,4.57,9.16,Analyze
FBHS,Fortune Brands Home And Security,Common stocks,Mid cap,Industrials,"$8,171,533,530 ",1.72%,9.33,1.05,2.81,Analyze
FCX,"Freeport-McMoRan, Inc.",Common stocks,Large cap,Materials,"$38,115,600,647 ",1.14%,7.49,1.55,2.58,Analyze
FDS,Factset Research Systems Inc,Common stocks,Large cap,Financials,"$14,937,393,199 ",0.85%,35.58,8.96,12.27,Analyze
FDX,FedEx Corporation,Common stocks,Large cap,Industrials,"$57,791,561,502 ",1.52%,10.91,0.63,2.28,Analyze
FE,Firstenergy Corp,Common stocks,Large cap,Utilities,"$21,358,575,847 ",4.11%,17.18,1.87,2.43,Analyze
FFIV,F5 Networks Inc,Common stocks,Mid cap,Information Technology,"$9,069,594,160 ",0.00%,25.9,3.42,3.78,Analyze
FIS,Fidelity National Information Services,Common stocks,Large cap,Information Technology,"$57,140,880,256 ",1.82%,62.52,4.04,1.21,Analyze
FISV,Fiserv Inc,Common stocks,Large cap,Information Technology,"$60,371,301,501 ",0.00%,35.53,3.63,1.93,Analyze
FITB,Fifth Third Bancorp,Common stocks,Large cap,Financials,"$22,926,381,800 ",3.54%,9.34,3.25,1.14,Analyze
FLT,Fleetcor Technologies Inc,Common stocks,Large cap,Information Technology,"$16,347,528,701 ",0.00%,18.42,5.42,5.54,Analyze
FMC,FMC Corp,Common stocks,Large cap,Materials,"$13,039,752,534 ",1.99%,17,2.51,4.23,Analyze
FOX,Fox Corporation Class B,Common stocks,Large cap,Communication Services,"$17,858,044,247 ",1.56%,6.51,1.29,0.67,Analyze
FOXA,Fox Corporation Class A,Common stocks,Large cap,Communication Services,"$17,858,044,247 ",1.44%,8.99,1.29,0.92,Analyze
FRC,First Republic Bank,Common stocks,Large cap,Financials,"$25,758,573,480 ",0.62%,18.68,4.94,1.65,Analyze
FRT,Federal Realty Investment Trust,REITs,Mid cap,Real Estate,"$7,846,718,329 ",2.17%,29.61,7.93,2.92,Analyze
FTNT,Fortinet Inc,Common stocks,Mid cap,Information Technology,"$9,570,627,312 ",0.00%,15,2.67,43.96,Analyze
FTV,Fortive Corp,Common stocks,Large cap,Industrials,"$19,628,606,949 ",0.51%,30.18,3.65,2.03,Analyze
GD,General Dynamics Corp,Common stocks,Large cap,Industrials,"$60,159,259,062 ",2.24%,18.07,1.56,3.29,Analyze
GE,General Electric,Common stocks,Large cap,Industrials,"$69,363,906,914 ",0.51%,-13.71,0.94,1.75,Analyze
GILD,Gilead Sciences Inc,Common stocks,Large cap,Health Care,"$78,193,900,348 ",4.54%,17.32,2.85,3.92,Analyze
GIS,General Mills Inc,Common stocks,Large cap,Consumer Staples,"$45,336,268,765 ",2.70%,19.83,2.43,4.53,Analyze
GL,Globe Life Inc.,Common stocks,Mid cap,Financials,"$9,873,764,144 ",0.81%,13.22,1.91,1.4,Analyze
GLW,Corning Inc,Common stocks,Large cap,Information Technology,"$27,331,660,435 ",3.12%,25.1,1.89,2.2,Analyze
GM,General Motors,Common stocks,Large cap,Consumer Discretionary,"$45,978,336,428 ",0.00%,5.23,0.35,0.74,Analyze
GNRC,Generac Holdings Inc,Common stocks,Large cap,Industrials,"$13,999,184,853 ",0.00%,27.07,3.44,6.04,Analyze
GOOG,Alphabet Inc Class C,Common stocks,Large cap,Communication Services,"$1,550,861,053,666 ",0.00%,9.66,5.74,2.83,Analyze
GOOGL,Alphabet Inc Class A,Common stocks,Large cap,Communication Services,"$1,550,861,053,666 ",0.00%,9.2,5.74,2.7,Analyze
GPC,Genuine Parts,Common stocks,Large cap,Consumer Discretionary,"$19,391,460,860 ",2.47%,20.97,0.98,5.41,Analyze
GPN,Global Payments Inc,Common stocks,Large cap,Information Technology,"$31,563,405,901 ",0.89%,31.31,3.63,1.26,Analyze
GRMN,Garmin Ltd,Common stocks,Large cap,Consumer Discretionary,"$19,650,472,413 ",1.95%,18.02,3.87,3.1,Analyze
GS,Goldman Sachs Group Inc,Common stocks,Large cap,Financials,"$100,468,487,724 ",2.72%,5.46,1.88,0.87,Analyze
GWW,W.W. Grainger Inc,Common stocks,Large cap,Industrials,"$24,230,876,967 ",1.38%,19.83,1.78,11.16,Analyze
HAL,Halliburton,Common stocks,Large cap,Energy,"$25,796,510,797 ",1.15%,16.47,1.6,3.64,Analyze
HAS,Hasbro Inc,Common stocks,Large cap,Consumer Discretionary,"$11,317,145,752 ",3.34%,30.28,1.75,3.72,Analyze
HBAN,Huntington Bancshares Inc,Common stocks,Large cap,Financials,"$17,759,415,292 ",4.90%,16.38,2.83,0.96,Analyze
HCA,"HCA Healthcare, Inc.",Common stocks,Large cap,Health Care,"$50,264,851,284 ",1.22%,7.35,0.84,-24.61,Analyze
HD,Home Depot Inc,Common stocks,Large cap,Consumer Discretionary,"$293,033,490,204 ",2.47%,17.87,1.92,-172.7,Analyze
HES,Hess Corp,Common stocks,Large cap,Energy,"$29,439,211,695 ",1.32%,41.24,3.73,4.73,Analyze
HIG,Hartford Financial Services Group,Common stocks,Large cap,Financials,"$21,353,180,036 ",2.31%,8.29,0.99,1.33,Analyze
HII,Huntington Ingalls Industries Inc,Common stocks,Mid cap,Industrials,"$8,497,614,307 ",2.19%,15.56,0.87,2.96,Analyze
HLT,Hilton Worldwide Holdings Inc,Common stocks,Large cap,Consumer Discretionary,"$31,351,281,562 ",0.13%,43.51,4.73,-45.51,Analyze
HOLX,Hologic Inc,Common stocks,Large cap,Health Care,"$17,626,245,263 ",0.00%,11.36,3.27,3.68,Analyze
HON,Honeywell International Inc,Common stocks,Large cap,Industrials,"$118,182,043,977 ",2.21%,22.52,3.44,6.44,Analyze
HPE,Hewlett Packard Enterprise,Common stocks,Large cap,Information Technology,"$17,047,215,570 ",4.51%,4.54,0.61,0.83,Analyze
HPQ,HP Inc,Common stocks,Large cap,Information Technology,"$32,399,549,869 ",2.98%,4.93,0.5,-13.8,Analyze
HRL,Hormel Foods Corp,Common stocks,Large cap,Consumer Staples,"$26,254,353,008 ",2.12%,28.41,2.19,3.7,Analyze
HSIC,Henry Schein Inc,Common stocks,Large cap,Health Care,"$10,522,230,528 ",0.00%,16.28,0.83,2.93,Analyze
HST,"Host Hotels & Resorts, Inc",REITs,Large cap,Real Estate,"$11,393,547,420 ",0.56%,35.94,0,1.75,Analyze
HSY,Hershey Foods,Common stocks,Large cap,Consumer Staples,"$45,818,298,460 ",1.64%,19.87,4.9,11.01,Analyze
HUM,Humana Inc,Common stocks,Large cap,Health Care,"$61,117,817,044 ",0.61%,19.74,0.71,3.91,Analyze
HWM,Howmet Aerospace Inc.,Common stocks,Large cap,Industrials,"$13,962,509,713 ",0.24%,45.17,2.74,4.01,Analyze
IBM,International Business Machines Co,Common stocks,Large cap,Information Technology,"$125,183,408,534 ",4.64%,22.35,2.33,6.48,Analyze
ICE,Intercontinental Exchange Inc,Common stocks,Large cap,Financials,"$52,108,576,349 ",1.51%,12.96,5.67,2.33,Analyze
IDXX,Idexx Laboratories Inc,Common stocks,Large cap,Health Care,"$30,449,261,673 ",0.00%,41.45,9.3,47.59,Analyze
IEX,IDEX Corp,Common stocks,Large cap,Industrials,"$13,853,541,988 ",1.21%,28.92,4.84,4.76,Analyze
IFF,International Flavors & Fragrances,Common stocks,Large cap,Materials,"$29,823,693,130 ",2.68%,52.69,2.4,1.4,Analyze
ILMN,Illumina Inc,Common stocks,Large cap,Health Care,"$29,533,229,000 ",0.00%,42.19,6.34,2.71,Analyze
INCY,Incyte Corp,Common stocks,Large cap,Health Care,"$17,813,432,985 ",0.00%,19.09,5.72,4.61,Analyze
INTC,Intel Corporation Corp,Common stocks,Large cap,Information Technology,"$152,151,690,000 ",3.79%,6.18,1.96,1.48,Analyze
INTU,Intuit Inc,Common stocks,Large cap,Information Technology,"$105,745,741,063 ",0.70%,50.11,9.26,6.98,Analyze
IP,International Paper,Common stocks,Large cap,Materials,"$15,851,816,829 ",4.32%,8.86,0.82,1.76,Analyze
IPG,Interpublic Group Of Companies Inc,Common stocks,Large cap,Communication Services,"$11,002,914,083 ",3.96%,10.76,1.04,3.15,Analyze
IQV,"IQVIA Holdings, Inc.",Common stocks,Large cap,Health Care,"$40,416,752,344 ",0.00%,37.16,2.88,6.77,Analyze
IR,Ingersoll Rand Plc,Common stocks,Large cap,Industrials,"$16,939,453,517 ",0.14%,13.61,3.16,1.84,Analyze
IRM,Iron Mountain Incorporated,REITs,Large cap,Real Estate,"$13,848,162,901 ",5.09%,30.67,2.97,18.09,Analyze
ISRG,Intuitive Surgical Inc,Common stocks,Large cap,Health Care,"$72,555,879,568 ",0.00%,35.61,12.29,6,Analyze
IT,Gartner Inc,Common stocks,Large cap,Information Technology,"$19,148,158,662 ",0.00%,23.93,3.91,162.42,Analyze
ITW,Illinois Tool Inc,Common stocks,Large cap,Industrials,"$56,950,461,128 ",2.64%,20.68,3.84,15.51,Analyze
IVZ,Invesco Ltd,Common stocks,Mid cap,Financials,"$7,234,904,496 ",4.33%,5.38,1.05,0.46,Analyze
J,Jacobs Engineering Group Inc.,Common stocks,Large cap,Industrials,"$16,087,412,409 ",0.70%,42.85,1.12,2.64,Analyze
JBHT,JB Hunt Transport Services Inc,Common stocks,Large cap,Industrials,"$17,194,957,253 ",0.85%,20.05,1.32,5.29,Analyze
JCI,Johnson Controls International Plc,Common stocks,Large cap,Industrials,"$32,724,264,821 ",2.76%,26.63,1.33,1.99,Analyze
JKHY,"Jack Henry & Associates, Inc.",Common stocks,Large cap,Information Technology,"$13,436,882,143 ",1.03%,37.39,7.03,10.11,Analyze
JNJ,Johnson & Johnson,Common stocks,Large cap,Health Care,"$462,732,007,233 ",2.43%,23.28,4.88,6.18,Analyze
JNPR,Juniper Networks Inc,Common stocks,Mid cap,Information Technology,"$9,166,217,690 ",2.88%,26.63,1.9,2.12,Analyze
JPM,JP Morgan Chase & Co,Common stocks,Large cap,Financials,"$331,798,591,144 ",3.52%,8.12,2.76,1.15,Analyze
K,Kellogg,Common stocks,Large cap,Consumer Staples,"$24,661,319,833 ",3.16%,16.19,1.73,6.58,Analyze
KDP,Keurig Dr Pepper Inc.,Common stocks,Large cap,Consumer Staples,"$51,493,250,002 ",2.05%,21.4,4,2.02,Analyze
KEY,Keycorp,Common stocks,Large cap,Financials,"$16,141,070,742 ",4.39%,6.76,2.31,1.03,Analyze
KEYS,Keysight Technologies Inc,Common stocks,Large cap,Information Technology,"$25,368,774,956 ",0.00%,24.91,4.93,6.74,Analyze
KHC,Kraft Heinz,Common stocks,Large cap,Consumer Staples,"$47,489,335,233 ",4.06%,38.77,1.85,0.96,Analyze
KIM,Kimco Realty Corporation,REITs,Large cap,Real Estate,"$12,477,557,575 ",3.57%,13.4,8.27,1.23,Analyze
KLAC,KLA-Tencor Corporation,Common stocks,Large cap,Information Technology,"$46,826,973,675 ",1.33%,14.87,5.41,11.48,Analyze
KMB,Kimberly Clark Corp,Common stocks,Large cap,Consumer Staples,"$45,579,280,693 ",3.36%,26.15,2.3,65.02,Analyze
KMI,Kinder Morgan Inc,Common stocks,Large cap,Energy,"$37,753,417,541 ",6.39%,36.12,2.41,1.23,Analyze
KMX,Carmax Inc,Common stocks,Large cap,Consumer Discretionary,"$14,522,305,110 ",0.00%,12.53,0.46,2.75,Analyze
KO,Coca-Cola,Common stocks,Large cap,Consumer Staples,"$271,676,250,321 ",2.71%,26.24,6.77,10.88,Analyze
KR,Kroger,Common stocks,Large cap,Consumer Staples,"$34,060,674,136 ",1.75%,31.51,0,3.63,Analyze
L,Loews Corp,Common stocks,Large cap,Financials,"$14,207,817,438 ",0.43%,8.52,1.05,0.85,Analyze
LDOS,Leidos Holdings Inc,Common stocks,Large cap,Industrials,"$13,640,243,602 ",1.43%,36.17,0,3.42,Analyze
LEN,Lennar Corporation Class A,Common stocks,Large cap,Consumer Discretionary,"$22,261,193,164 ",1.75%,5.11,0.79,0.97,Analyze
LH,Laboratory Corporation Of America,Common stocks,Large cap,Health Care,"$22,239,657,000 ",0.30%,10.61,1.4,2.08,Analyze
LHX,"L3Harris Technologies, Inc.",Common stocks,Large cap,Industrials,"$44,783,558,714 ",1.83%,23.63,2.58,2.27,Analyze
LIN,Linde Plc,Common stocks,Large cap,Materials,"$137,515,316,079 ",1.62%,34.36,4.33,3.21,Analyze
LKQ,LKQ Corp,Common stocks,Large cap,Consumer Discretionary,"$14,280,235,040 ",1.49%,13.01,1.08,2.47,Analyze
LLY,Eli Lilly,Common stocks,Large cap,Health Care,"$307,462,131,697 ",1.13%,49.99,10.49,32.84,Analyze
LMT,Lockheed Martin Corp,Common stocks,Large cap,Industrials,"$110,165,626,166 ",2.64%,17.48,1.68,10.86,Analyze
LNC,Lincoln National Corp,Common stocks,Mid cap,Financials,"$8,219,059,956 ",3.66%,6.27,0.43,0.55,Analyze
LNT,Alliant Energy Corp,Common stocks,Large cap,Utilities,"$14,501,414,485 ",2.84%,21.33,3.78,2.39,Analyze
LOW,Lowes Companies Inc,Common stocks,Large cap,Consumer Discretionary,"$115,682,318,230 ",1.76%,13.84,1.21,-16.95,Analyze
LRCX,Lam Research Corp,Common stocks,Large cap,Information Technology,"$56,300,268,008 ",1.47%,12.4,3.36,9.34,Analyze
LUMN,"CenturyLink, Inc.",Common stocks,Large cap,Communication Services,"$11,208,650,472 ",8.97%,5.16,0.58,0.91,Analyze
LUV,Southwest Airlines,Common stocks,Large cap,Industrials,"$22,852,541,121 ",0.00%,39.4,1.24,2.21,Analyze
LVS,Las Vegas Sands Corp,Common stocks,Large cap,Consumer Discretionary,"$25,406,629,670 ",0.00%,13.75,6.38,5.61,Analyze
LW,Lamb Weston Holdings Inc,Common stocks,Large cap,Consumer Staples,"$10,713,625,460 ",1.29%,45.1,2.71,26.95,Analyze
LYB,Lyondellbasell Industries NV,Common stocks,Large cap,Materials,"$28,152,542,735 ",5.26%,4.73,0.56,2.18,Analyze
LYV,Live Nation Entertainment Inc,Common stocks,Large cap,Communication Services,"$18,719,482,614 ",0.00%,-42.34,2.41,-36.67,Analyze
MA,Mastercard Inc Class A,Common stocks,Large cap,Information Technology,"$311,534,342,080 ",0.59%,32.88,15.66,44.36,Analyze
MAA,"Mid-America Apartment Communities, Inc",REITs,Large cap,Real Estate,"$19,576,521,978 ",2.47%,32.84,10.7,3.29,Analyze
MAR,Marriott International Inc,Common stocks,Large cap,Consumer Discretionary,"$45,533,751,460 ",0.22%,30.62,2.89,25.7,Analyze
MAS,Masco Corp,Common stocks,Large cap,Industrials,"$12,460,014,636 ",1.94%,22.85,1.45,-33.82,Analyze
MCD,Mcdonalds Corp,Common stocks,Large cap,Consumer Discretionary,"$185,981,261,956 ",2.14%,26.27,7.83,-31.19,Analyze
MCHP,Microchip Technology Inc,Common stocks,Large cap,Information Technology,"$32,826,476,960 ",2.02%,25.54,4.81,5.57,Analyze
MCK,Mckesson Corp,Common stocks,Large cap,Health Care,"$47,005,501,619 ",0.57%,41.91,0.18,-20.55,Analyze
MCO,Moodys Corp,Common stocks,Large cap,Financials,"$50,820,525,000 ",0.96%,25.74,8.28,21.25,Analyze
MDLZ,Mondelez International Inc,Common stocks,Large cap,Consumer Staples,"$86,578,262,418 ",2.22%,20.64,2.96,3.07,Analyze
MDT,Medtronic Plc,Common stocks,Large cap,Health Care,"$118,981,109,697 ",2.87%,24,3.74,2.24,Analyze
MET,Metlife Inc,Common stocks,Large cap,Financials,"$50,247,994,168 ",3.11%,7.31,0.76,0.9,Analyze
META,"Meta Platforms, Inc.",Common stocks,Large cap,Communication Services,"$465,972,600,899 ",0.00%,0,0,0,Analyze
MGM,MGM Resorts International,Common stocks,Large cap,Consumer Discretionary,"$12,317,170,837 ",0.03%,8.08,1.13,2.44,Analyze
MHK,Mohawk Industries Inc,Common stocks,Mid cap,Consumer Discretionary,"$8,100,006,281 ",0.00%,7.68,0.7,0.97,Analyze
MKC,McCormick & Co  Non-voting,Common stocks,Large cap,Consumer Staples,"$21,941,292,718 ",1.75%,27.82,3.45,4.53,Analyze
MKTX,Marketaxess Holdings Inc,Common stocks,Mid cap,Financials,"$9,612,607,974 ",1.06%,39.69,13.94,9.39,Analyze
MLM,Martin Marietta Materials Inc,Common stocks,Large cap,Materials,"$19,556,568,159 ",0.78%,29.33,3.45,3,Analyze
MMC,Marsh & McLennan Inc,Common stocks,Large cap,Financials,"$76,863,067,693 ",1.39%,23.55,3.79,6.96,Analyze
MMM,3M,Common stocks,Large cap,Industrials,"$74,091,462,140 ",4.56%,13.05,2.1,4.89,Analyze
MNST,Monster Beverage Corp,Common stocks,Large cap,Consumer Staples,"$51,245,708,627 ",0.00%,37.78,8.81,7.46,Analyze
MO,Altria Group Inc,Common stocks,Large cap,Consumer Staples,"$76,604,678,136 ",8.28%,25.26,3.64,-43.17,Analyze
MOH,Molina Healthcare Inc,Common stocks,Large cap,Health Care,"$16,752,393,000 ",0.00%,24.05,0.58,5.93,Analyze
MOS,Mosaic,Common stocks,Large cap,Materials,"$16,242,639,909 ",0.92%,6.31,1.16,1.44,Analyze
MPC,Marathon Petroleum Corp,Common stocks,Large cap,Energy,"$44,767,330,789 ",2.77%,4.1,0.33,1.85,Analyze
MPWR,Monolithic Power Systems Inc,Common stocks,Large cap,Information Technology,"$17,974,812,910 ",0.70%,65.08,13.5,13.55,Analyze
MRK,Merck & Co Inc,Common stocks,Large cap,Health Care,"$236,696,150,340 ",2.87%,16.72,4.39,5.8,Analyze
MRNA,"Moderna, Inc.",Common stocks,Large cap,Health Care,"$68,911,836,320 ",0.00%,4.71,3.05,4.04,Analyze
MRO,Marathon Oil Corp,Common stocks,Large cap,Energy,"$14,620,893,147 ",1.25%,6.82,2.36,1.29,Analyze
MS,Morgan Stanley,Common stocks,Large cap,Financials,"$132,840,631,440 ",3.64%,9.29,2.39,1.27,Analyze
MSCI,MSCI Inc,Common stocks,Large cap,Financials,"$34,158,527,511 ",0.99%,44.38,16.07,-38.24,Analyze
MSFT,Microsoft Corp,Common stocks,Large cap,Information Technology,"$1,897,206,335,355 ",0.95%,26.18,9.85,11.64,Analyze
MSI,Motorola Solutions Inc,Common stocks,Large cap,Information Technology,"$34,826,214,616 ",1.47%,27.84,4.2,-111.72,Analyze
MTB,M&T Bank Corp,Common stocks,Large cap,Financials,"$28,328,221,181 ",2.96%,16.38,4.76,1.55,Analyze
MTCH,Match Group Inc,Common stocks,Large cap,Communication Services,"$19,760,163,341 ",0.00%,69.58,6.35,-161.37,Analyze
MTD,Mettler Toledo Inc,Common stocks,Large cap,Health Care,"$27,068,084,030 ",0.00%,33.6,7.1,315.17,Analyze
MU,Micron Technology Inc,Common stocks,Large cap,Information Technology,"$65,284,127,491 ",0.70%,7.23,2.09,1.36,Analyze
NCLH,Norwegian Cruise Line Holdings Ltd,Common stocks,Mid cap,Consumer Discretionary,"$2,492,840,000 ",0.00%,-1.17,2.14,3.2,Analyze
NDAQ,Nasdaq Inc,Common stocks,Large cap,Financials,"$14,792,399,978 ",1.43%,12.62,2.56,2.46,Analyze
NDSN,Nordson Corp,Common stocks,Large cap,Industrials,"$11,804,294,898 ",0.99%,23.74,4.83,5.32,Analyze
NEE,Nextera Energy Inc,Common stocks,Large cap,Utilities,"$156,627,642,662 ",2.01%,108.29,9.65,4.39,Analyze
NEM,Newmont Corporation,Common stocks,Large cap,Materials,"$45,984,146,994 ",3.75%,43.78,3.72,2.15,Analyze
NFLX,Netflix Inc,Common stocks,Large cap,Communication Services,"$77,071,139,146 ",0.00%,15.39,2.54,4.39,Analyze
NI,Nisource Inc,Common stocks,Large cap,Utilities,"$11,638,289,823 ",3.14%,17.56,2.23,1.61,Analyze
NKE,Nike Inc Class B,Common stocks,Large cap,Consumer Discretionary,"$162,885,562,460 ",1.14%,21.81,3.48,9.01,Analyze
NLOK,NortonLifeLock Inc.,Common stocks,Large cap,Information Technology,"$13,376,277,408 ",2.15%,21.1,4.78,-143.83,Analyze
NLSN,Nielsen Holdings Plc,Common stocks,Mid cap,Industrials,"$8,362,869,272 ",1.03%,16.68,2.38,2.42,Analyze
NOC,Northrop Grumman Corp,Common stocks,Large cap,Industrials,"$72,884,865,455 ",1.37%,12.54,2.06,5.44,Analyze
NOW,Servicenow Inc,Common stocks,Large cap,Information Technology,"$85,784,801,903 ",0.00%,379.44,13.71,21.2,Analyze
NRG,NRG Energy Inc,Common stocks,Mid cap,Utilities,"$8,943,217,376 ",3.54%,2.2,0.33,1.75,Analyze
NSC,Norfolk Southern Corp,Common stocks,Large cap,Industrials,"$56,476,102,821 ",2.08%,17.39,4.95,3.92,Analyze
NTAP,NetApp Inc,Common stocks,Large cap,Information Technology,"$14,226,968,072 ",3.08%,14.06,2.3,16.13,Analyze
NTRS,Northern Trust Corporation,Common stocks,Large cap,Financials,"$20,058,640,799 ",2.88%,13.3,3.14,1.76,Analyze
NUE,Nucor Corp,Common stocks,Large cap,Materials,"$29,045,984,610 ",1.73%,3.66,0.73,1.92,Analyze
NVDA,Nvidia Corp,Common stocks,Large cap,Information Technology,"$377,050,000,000 ",0.11%,38.66,14.01,14.17,Analyze
NVR,"NVR, Inc.",Common stocks,Large cap,Consumer Discretionary,"$14,352,878,551 ",0.00%,10.21,1.54,5.3,Analyze
NWL,Newell Brands Inc,Common stocks,Mid cap,Consumer Discretionary,"$7,893,715,000 ",4.75%,11.01,0.74,1.98,Analyze
NWS,News Corp Class B,Common stocks,Mid cap,Communication Services,"$9,220,119,552 ",1.25%,6.29,0.9,0.37,Analyze
NWSA,News Corp Class A,Common stocks,Mid cap,Communication Services,"$9,220,119,552 ",1.27%,12.18,0.9,0.72,Analyze
NXPI,NXP Semiconductors Nv,Common stocks,Large cap,Information Technology,"$39,972,863,630 ",1.84%,26.33,3.44,6.14,Analyze
O,Realty Income Corporation,REITs,Large cap,Real Estate,"$41,726,858,504 ",4.14%,88.44,17.07,1.61,Analyze
ODFL,Old Dominion Freight Line Inc,Common stocks,Large cap,Industrials,"$29,790,501,666 ",0.38%,26.25,5.29,8.5,Analyze
OGN,Organon & Co.,Common stocks,Mid cap,Health Care,"$8,334,517,702 ",3.37%,6.3,1.31,-6.55,Analyze
OKE,Oneok Inc,Common stocks,Large cap,Energy,"$24,563,881,705 ",6.65%,16.35,1.31,4.1,Analyze
OMC,Omnicom Group Inc,Common stocks,Large cap,Communication Services,"$13,210,095,640 ",4.30%,10.64,0.93,4.4,Analyze
ON,ON Semiconductor Corp,Common stocks,Large cap,Information Technology,"$22,928,863,837 ",0.00%,15.81,3.18,4.59,Analyze
ORCL,Oracle Corp,Common stocks,Large cap,Information Technology,"$187,637,439,660 ",2.25%,24.68,4.49,-21.46,Analyze
ORLY,Oreilly Automotive Inc,Common stocks,Large cap,Consumer Discretionary,"$42,937,768,778 ",0.00%,20.02,3.17,-130.8,Analyze
OTIS,Otis Worldwide Corporation,Common stocks,Large cap,Industrials,"$29,105,168,355 ",1.47%,23.15,2.03,-5.75,Analyze
OXY,Occidental Petroleum Corp,Common stocks,Large cap,Energy,"$53,766,646,637 ",0.49%,8.31,1.85,2.18,Analyze
PARA,Paramount Global - Class B,Common stocks,Large cap,Communication Services,"$16,405,606,684 ",3.81%,3.76,0.58,0.67,Analyze
PAYC,Paycom Software Inc,Common stocks,Large cap,Information Technology,"$17,883,386,903 ",0.00%,79.71,15.73,17.64,Analyze
PAYX,Paychex Inc,Common stocks,Large cap,Information Technology,"$41,462,847,127 ",2.39%,30.5,9.22,12.62,Analyze
PCAR,Paccar Inc,Common stocks,Large cap,Industrials,"$27,925,916,391 ",1.67%,14.01,1.16,2.3,Analyze
PEAK,"Healthpeak Properties, Inc.",REITs,Large cap,Real Estate,"$14,233,517,696 ",4.49%,32.68,7.34,2.19,Analyze
PEG,Public Service Enterprise Group Inc,Common stocks,Large cap,Utilities,"$30,824,243,004 ",3.36%,-23.46,3.37,2.24,Analyze
PENN,Penn National Gaming Inc,Common stocks,Mid cap,Consumer Discretionary,"$4,975,727,703 ",0.00%,13.04,0.8,1.26,Analyze
PEP,Pepsico Inc,Common stocks,Large cap,Consumer Staples,"$234,364,863,251 ",2.56%,23.06,2.9,12.88,Analyze
PFE,Pfizer Inc,Common stocks,Large cap,Health Care,"$291,991,017,484 ",3.00%,11.64,3.16,3.53,Analyze
PFG,Principal Financial Group Inc,Common stocks,Large cap,Financials,"$16,608,934,241 ",3.83%,10.58,1.17,1.4,Analyze
PG,Procter & Gamble,Common stocks,Large cap,Consumer Staples,"$347,298,217,735 ",2.41%,23.95,4.36,7.69,Analyze
PGR,Progressive Corp,Common stocks,Large cap,Financials,"$68,459,910,439 ",1.62%,31.83,1.42,4.03,Analyze
PH,Parker-Hannifin Corp,Common stocks,Large cap,Industrials,"$31,977,467,193 ",1.76%,18.6,2.05,3.51,Analyze
PHM,Pultegroup Inc,Common stocks,Large cap,Consumer Discretionary,"$10,469,835,398 ",1.33%,5.04,0.73,1.42,Analyze
PKG,Packaging Corp Of America,Common stocks,Large cap,Materials,"$12,942,942,888 ",3.04%,13.93,1.61,3.4,Analyze
PKI,Perkinelmer Inc,Common stocks,Large cap,Health Care,"$17,484,178,358 ",0.20%,23.7,3.48,2.41,Analyze
PLD,"Prologis, Inc",REITs,Large cap,Real Estate,"$89,505,682,970 ",2.33%,24.05,18.53,2.62,Analyze
PM,Philip Morris International Inc,Common stocks,Large cap,Consumer Staples,"$145,400,347,641 ",5.23%,15.61,4.61,-13.92,Analyze
PNC,"PNC Financial Services Group, Inc.",Common stocks,Large cap,Financials,"$64,969,401,431 ",4.23%,12.7,3.3,1.3,Analyze
PNR,Pentair,Common stocks,Mid cap,Industrials,"$7,639,810,942 ",1.77%,13.99,1.96,3.03,Analyze
PNW,Pinnacle West Corp,Common stocks,Mid cap,Utilities,"$8,023,077,035 ",4.68%,13.17,2.06,1.33,Analyze
POOL,Pool Corp,Common stocks,Large cap,Consumer Discretionary,"$14,977,140,901 ",0.91%,20.48,2.65,12.75,Analyze
PPG,PPG Industries Inc,Common stocks,Large cap,Materials,"$27,405,630,082 ",2.02%,25.33,1.59,4.4,Analyze
PPL,PPL Corporation,Common stocks,Large cap,Utilities,"$20,045,997,992 ",4.53%,31.46,3.3,1.44,Analyze
PRU,Prudential Financial Inc,Common stocks,Large cap,Financials,"$36,007,500,000 ",4.81%,7.25,0.54,0.8,Analyze
PSA,Public Storage,REITs,Large cap,Real Estate,"$53,952,329,673 ",2.58%,28.65,14.9,5.54,Analyze
PSX,Phillips 66,Common stocks,Large cap,Energy,"$38,733,363,093 ",4.54%,15.04,0.31,1.76,Analyze
PTC,PTC Inc,Common stocks,Large cap,Information Technology,"$12,071,917,421 ",0.00%,25.15,6.42,5.79,Analyze
PVH,PVH Corp,Common stocks,Mid cap,Consumer Discretionary,"$3,822,107,566 ",0.20%,5.69,0,0.72,Analyze
PWR,Quanta Services Inc,Common stocks,Large cap,Industrials,"$18,354,514,629 ",0.21%,38.23,1.29,3.58,Analyze
PXD,Pioneer Natural Resource,Common stocks,Large cap,Energy,"$50,893,652,905 ",1.20%,12.16,2.43,2.16,Analyze
PYPL,Paypal Holdings Inc,Common stocks,Large cap,Information Technology,"$82,718,792,128 ",0.00%,23.1,3.2,4.01,Analyze
QCOM,Qualcomm Inc,Common stocks,Large cap,Information Technology,"$149,579,589,812 ",2.08%,13.4,3.81,11.22,Analyze
QRVO,"Qorvo, Inc.",Common stocks,Large cap,Information Technology,"$10,160,035,652 ",0.00%,9.83,2.19,2.23,Analyze
RCL,Royal Caribbean Cruises Ltd,Common stocks,Mid cap,Consumer Discretionary,"$8,497,693,579 ",0.00%,-1.57,3.33,2.08,Analyze
RE,Everest Re Group Ltd,Common stocks,Large cap,Financials,"$10,918,400,057 ",2.26%,8.18,0.95,1.15,Analyze
REG,Regency Centers Corporation,REITs,Large cap,Real Estate,"$10,427,921,147 ",4.02%,13.2,8.73,1.7,Analyze
REGN,Regeneron Pharmaceuticals Inc,Common stocks,Large cap,Health Care,"$65,906,831,804 ",0.00%,8.31,3.99,3.31,Analyze
RF,Regions Financial Corp,Common stocks,Large cap,Financials,"$17,727,458,683 ",3.54%,7.54,3.05,1.03,Analyze
RHI,Robert Half,Common stocks,Mid cap,Industrials,"$8,516,175,550 ",2.09%,12.75,1.24,5.76,Analyze
RJF,Raymond James Inc,Common stocks,Large cap,Financials,"$18,671,644,073 ",1.42%,12.35,1.78,2.16,Analyze
RL,Ralph Lauren Corp Class A,Common stocks,Mid cap,Consumer Discretionary,"$6,818,814,267 ",2.98%,8.4,1.14,1.55,Analyze
RMD,Resmed Inc,Common stocks,Large cap,Health Care,"$31,565,302,856 ",0.78%,40.96,9.18,9.74,Analyze
ROK,Rockwell Automation Inc,Common stocks,Large cap,Industrials,"$23,074,433,401 ",2.22%,35.69,3.15,8.74,Analyze
ROL,Rollins Inc,Common stocks,Large cap,Industrials,"$17,649,445,200 ",1.05%,52.65,7.12,15.71,Analyze
ROP,Roper Technologies Inc,Common stocks,Large cap,Information Technology,"$41,405,493,346 ",0.62%,14.14,6.8,3.01,Analyze
ROST,Ross Stores Inc,Common stocks,Large cap,Consumer Discretionary,"$26,268,974,923 ",1.58%,23.11,1.38,6.47,Analyze
RSG,Republic Services Inc,Common stocks,Large cap,Industrials,"$40,560,391,175 ",1.43%,29.95,3.48,4.49,Analyze
RTX,Raytheon Technologies Corporation,Common stocks,Large cap,Industrials,"$140,541,827,517 ",2.18%,32.55,2.17,1.88,Analyze
SBAC,SBA Communications Corporation,REITs,Large cap,Real Estate,"$34,336,004,710 ",0.81%,78.8,14.43,-6.36,Analyze
SBNY,Signature Bank,Common stocks,Large cap,Financials,"$11,452,889,358 ",1.18%,11.13,5.28,1.4,Analyze
SBUX,Starbucks Corp,Common stocks,Large cap,Consumer Discretionary,"$89,182,944,000 ",2.45%,20.27,2.85,-10.19,Analyze
SCHW,Charles Schwab Corporation,Common stocks,Large cap,Financials,"$116,972,726,016 ",1.22%,21.3,6.33,2.33,Analyze
SEDG,SolarEdge Technologies Inc,Common stocks,Large cap,Information Technology,"$14,698,123,820 ",0.00%,86.52,6.64,7.41,Analyze
SEE,Sealed Air Corp,Common stocks,Mid cap,Materials,"$8,252,309,338 ",1.41%,15.07,1.45,43.21,Analyze
SHW,Sherwin Williams,Common stocks,Large cap,Materials,"$64,137,974,807 ",0.93%,35.01,3.16,28.61,Analyze
SIVB,SVB Financial Group,Common stocks,Large cap,Financials,"$24,217,255,221 ",0.00%,13.98,4.31,1.5,Analyze
SJM,J.M. Smucker,Common stocks,Large cap,Consumer Staples,"$14,436,896,825 ",2.94%,25.33,1.83,1.77,Analyze
SLB,Schlumberger Nv,Common stocks,Large cap,Energy,"$46,262,568,875 ",1.68%,21.82,1.95,2.97,Analyze
SNA,Snap On Inc,Common stocks,Large cap,Industrials,"$10,651,364,931 ",2.73%,12.45,2.28,2.45,Analyze
SNPS,Synopsys Inc,Common stocks,Large cap,Information Technology,"$46,871,613,996 ",0.00%,45.97,9.85,8.33,Analyze
SO,Southern Co,Common stocks,Large cap,Utilities,"$76,480,526,107 ",3.64%,33.04,3.21,2.32,Analyze
SPG,"Simon Property Group, Inc",REITs,Large cap,Real Estate,"$32,075,126,872 ",6.53%,14.1,6.2,9.65,Analyze
SPGI,S&P Global Inc,Common stocks,Large cap,Financials,"$117,622,395,000 ",0.91%,33.18,13.57,2.93,Analyze
SRE,Sempra Energy,Common stocks,Large cap,Utilities,"$46,155,649,601 ",3.75%,46.49,3.44,7.98,Analyze
STE,STERIS PLC,Common stocks,Large cap,Health Care,"$20,810,641,646 ",0.82%,84.29,4.54,3.14,Analyze
STT,State Street Corp,Common stocks,Large cap,Financials,"$22,893,304,496 ",3.62%,8.39,2.02,0.85,Analyze
STX,Seagate Technology Plc,Common stocks,Large cap,Information Technology,"$16,066,032,002 ",3.66%,11.98,1.38,38.05,Analyze
STZ,Constellation Brands Class A,Common stocks,Large cap,Consumer Staples,"$45,337,723,801 ",1.27%,90.38,5.14,3.33,Analyze
SWK,Stanley Black & Decker Inc,Common stocks,Large cap,Industrials,"$16,195,485,614 ",2.92%,12.05,1.02,1.74,Analyze
SWKS,Skyworks Solutions Inc,Common stocks,Large cap,Information Technology,"$15,530,981,192 ",2.30%,11.5,3.06,3.04,Analyze
SYF,Synchrony Financial,Common stocks,Large cap,Financials,"$15,275,349,092 ",2.87%,3.68,0.97,1.1,Analyze
SYK,Stryker Corp,Common stocks,Large cap,Health Care,"$74,012,316,538 ",1.38%,36.44,4.25,4.88,Analyze
SYY,Sysco Corp,Common stocks,Large cap,Consumer Staples,"$44,013,615,744 ",2.18%,43.96,0.67,33.26,Analyze
T,AT&T Inc.,Common stocks,Large cap,Communication Services,"$147,475,400,000 ",7.54%,8.54,0.9,0.78,Analyze
TAP,Molson Coors Brewing Class B,Common stocks,Large cap,Consumer Staples,"$12,456,891,059 ",2.48%,10.89,0.94,0.86,Analyze
TDG,Transdigm Group Inc,Common stocks,Large cap,Industrials,"$29,581,488,438 ",0.00%,33.33,5.9,-10.21,Analyze
TDY,Teledyne Technologies Inc,Common stocks,Large cap,Information Technology,"$17,611,976,247 ",0.00%,30.68,3.43,2.25,Analyze
TECH,Bio-Techne Corp,Common stocks,Large cap,Health Care,"$13,841,582,681 ",0.36%,60.69,12.86,7.99,Analyze
TEL,TE Connectivity Ltd,Common stocks,Large cap,Information Technology,"$36,408,863,285 ",1.82%,14.63,2.35,3.5,Analyze
TER,Teradyne Inc,Common stocks,Large cap,Information Technology,"$14,365,404,534 ",0.47%,14.76,3.91,5.83,Analyze
TFC,Truist Financial Corporation,Common stocks,Large cap,Financials,"$62,856,050,030 ",4.01%,10.19,2.84,0.94,Analyze
TFX,Teleflex Inc,Common stocks,Large cap,Health Care,"$11,432,827,139 ",0.56%,23.32,4.06,3,Analyze
TGT,Target Corp,Common stocks,Large cap,Consumer Discretionary,"$67,031,953,463 ",2.48%,11.51,0.63,6.26,Analyze
TJX,"TJX Companies, Inc.",Common stocks,Large cap,Consumer Discretionary,"$69,103,087,328 ",1.81%,22.44,1.32,11.53,Analyze
TMO,Thermo Fisher Scientific Inc,Common stocks,Large cap,Health Care,"$207,838,919,660 ",0.21%,26.94,5.05,5,Analyze
TMUS,T Mobile US Inc,Common stocks,Large cap,Communication Services,"$167,954,541,416 ",0.00%,60.11,2.09,2.41,Analyze
TPR,Tapestry,Common stocks,Mid cap,Consumer Discretionary,"$7,871,342,180 ",3.17%,9.12,1.18,3.12,Analyze
TRMB,Trimble Inc,Common stocks,Large cap,Information Technology,"$14,388,194,989 ",0.00%,29.4,3.82,3.6,Analyze
TROW,T Rowe Price Group Inc,Common stocks,Large cap,Financials,"$25,859,536,344 ",3.95%,8.86,3.35,2.8,Analyze
TRV,Travelers Companies Inc,Common stocks,Large cap,Financials,"$39,660,754,411 ",2.14%,9.98,1.12,1.54,Analyze
TSCO,Tractor Supply,Common stocks,Large cap,Consumer Discretionary,"$21,988,096,351 ",1.46%,22.03,1.7,12.35,Analyze
TSLA,Tesla Inc,Common stocks,Large cap,Consumer Discretionary,"$724,654,649,750 ",0.00%,87.75,11.65,21.62,Analyze
TSN,Tyson Foods Inc Class A,Common stocks,Large cap,Consumer Staples,"$30,121,329,920 ",2.20%,5.97,0.59,1.27,Analyze
TT,Trane Technologies plc,Common stocks,Large cap,Industrials,"$30,394,835,278 ",1.93%,20.6,2.1,4.98,Analyze
TTWO,Take Two Interactive Software Inc,Common stocks,Large cap,Communication Services,"$14,127,517,220 ",0.00%,33.56,4.03,3.68,Analyze
TWTR,Twitter Inc,Common stocks,Large cap,Communication Services,"$26,007,450,774 ",0.00%,125.35,4.96,4.75,Analyze
TXN,Texas Instrument Inc,Common stocks,Large cap,Information Technology,"$142,432,793,699 ",2.87%,17.33,7.51,10.15,Analyze
TXT,Textron Inc,Common stocks,Large cap,Industrials,"$13,096,423,172 ",0.13%,17.29,1.05,1.89,Analyze
TYL,Tyler Technologies Inc,Common stocks,Large cap,Information Technology,"$13,445,357,182 ",0.00%,80.9,7.67,5.57,Analyze
UAL,United Continental Holdings Inc,Common stocks,Large cap,Industrials,"$12,490,844,356 ",0.00%,-6.24,0.43,3.42,Analyze
UDR,"UDR, Inc",REITs,Large cap,Real Estate,"$14,273,921,716 ",3.28%,90.38,10.6,4.17,Analyze
UHS,Universal Health Services Inc.,Common stocks,Mid cap,Health Care,"$8,653,431,936 ",0.78%,7.33,0.67,1.17,Analyze
ULTA,Ulta Beauty Inc,Common stocks,Large cap,Consumer Discretionary,"$19,538,521,851 ",0.00%,20.12,2.26,12.92,Analyze
UNH,Unitedhealth Group Inc,Common stocks,Large cap,Health Care,"$482,614,236,015 ",1.16%,26.95,1.63,6.46,Analyze
UNP,Union Pacific Corp,Common stocks,Large cap,Industrials,"$129,687,194,714 ",2.27%,19.06,5.72,10.91,Analyze
UPS,United Parcel Service Inc Class B,Common stocks,Large cap,Industrials,"$155,047,428,000 ",2.80%,12.14,1.57,8.48,Analyze
URI,United Rentals Inc,Common stocks,Large cap,Industrials,"$17,973,056,529 ",0.00%,11.6,1.77,2.96,Analyze
USB,US Bancorp,Common stocks,Large cap,Financials,"$68,641,194,560 ",3.93%,9.76,3,1.32,Analyze
V,Visa Inc Class A,Common stocks,Large cap,Information Technology,"$451,423,280,000 ",0.70%,24.51,16.76,9.34,Analyze
VFC,VF Corp,Common stocks,Large cap,Consumer Discretionary,"$17,574,823,438 ",4.34%,12.67,1.52,4.84,Analyze
VICI,VICI Properties Inc,REITs,Large cap,Real Estate,"$30,353,826,602 ",4.48%,30.91,19.56,1.98,Analyze
VLO,Valero Energy Corp,Common stocks,Large cap,Energy,"$42,792,990,182 ",3.68%,16.47,0.32,2.22,Analyze
VMC,Vulcan Materials,Common stocks,Large cap,Materials,"$19,733,725,258 ",1.03%,32.19,3.28,2.96,Analyze
VNO,Vornado Realty Trust,REITs,Mid cap,Real Estate,"$5,650,680,650 ",7.05%,36.97,3.42,0.89,Analyze
VRSK,Verisk Analytics Inc,Common stocks,Large cap,Industrials,"$27,487,578,767 ",0.69%,27.5,9.02,10.38,Analyze
VRSN,Verisign Inc,Common stocks,Large cap,Information Technology,"$19,107,898,766 ",0.00%,24.24,14.15,-14.94,Analyze
VRTX,Vertex Pharmaceuticals Inc,Common stocks,Large cap,Health Care,"$74,171,786,250 ",0.00%,30.13,9.33,6.77,Analyze
VTR,"Ventas, Inc",REITs,Large cap,Real Estate,"$20,528,361,240 ",3.46%,138.56,5.22,1.88,Analyze
VTRS,Viatris Inc.,Common stocks,Large cap,Health Care,"$12,390,212,227 ",4.44%,72.15,0.7,0.59,Analyze
VZ,Verizon Communications Inc,Common stocks,Large cap,Communication Services,"$213,257,907,137 ",6.16%,9.91,1.59,2.53,Analyze
WAB,Westinghouse Air Brake Technologies,Common stocks,Large cap,Industrials,"$15,000,851,987 ",0.66%,24.83,1.89,1.47,Analyze
WAT,Waters Corp,Common stocks,Large cap,Health Care,"$20,564,946,747 ",0.00%,28.76,7.17,54.05,Analyze
WBA,Walgreen Boots Alliance Inc,Common stocks,Large cap,Consumer Staples,"$32,815,825,038 ",4.95%,5.12,0.24,1.21,Analyze
WBD,"Warner Bros. Discovery, Inc. - Series A",Common stocks,Large cap,Communication Services,"$33,854,479,450 ",0.00%,27.69,2.7,2.88,Analyze
WDC,Western Digital Corp,Common stocks,Large cap,Information Technology,"$14,415,114,663 ",0.00%,7.96,0.75,1.21,Analyze
WEC,WEC Energy Group Inc,Common stocks,Large cap,Utilities,"$31,688,552,984 ",2.77%,23.29,3.71,2.8,Analyze
WELL,Welltower Inc,REITs,Large cap,Real Estate,"$37,425,103,289 ",0.74%,113.88,7.4,2.08,Analyze
WFC,Wells Fargo,Common stocks,Large cap,Financials,"$150,097,948,823 ",2.26%,7.68,1.94,0.83,Analyze
WHR,Whirlpool Corp,Common stocks,Mid cap,Consumer Discretionary,"$9,234,610,100 ",3.79%,5.52,0.43,2.01,Analyze
WM,Waste Management Inc,Common stocks,Large cap,Industrials,"$62,708,716,986 ",1.61%,32.74,3.39,8.74,Analyze
WMB,Williams Inc,Common stocks,Large cap,Energy,"$37,697,459,051 ",5.30%,25.84,3.45,3.35,Analyze
WMT,Walmart Stores Inc,Common stocks,Large cap,Consumer Staples,"$342,835,636,754 ",1.77%,26.44,0.6,4.47,Analyze
WRB,WR Berkley Corp,Common stocks,Large cap,Financials,"$17,497,461,324 ",0.54%,12.58,1.71,2.54,Analyze
WRK,Westrock,Common stocks,Large cap,Materials,"$10,321,504,704 ",2.43%,12.63,0.51,0.87,Analyze
WST,West Pharmaceutical Services Inc,Common stocks,Large cap,Health Care,"$21,983,420,857 ",0.24%,32.47,7.63,9.55,Analyze
WTW,Willis Towers Watson Public Limited Company,Common stocks,Large cap,Financials,"$21,945,344,965 ",1.64%,4.99,2.41,1.96,Analyze
WY,Weyerhaeuser Company,REITs,Large cap,Real Estate,"$25,767,075,780 ",1.97%,9.61,2.38,2.53,Analyze
WYNN,Wynn Resorts Ltd,Common stocks,Mid cap,Consumer Discretionary,"$6,346,761,714 ",0.00%,-9.6,1.59,-18.75,Analyze
XEL,Xcel Energy Inc,Common stocks,Large cap,Utilities,"$37,853,403,238 ",2.69%,23.34,2.78,2.4,Analyze
XOM,Exxon Mobil Corp,Common stocks,Large cap,Energy,"$355,959,903,442 ",4.09%,13.86,1.16,2.11,Analyze
XRAY,Dentsply Sirona Inc,Common stocks,Mid cap,Health Care,"$7,502,023,180 ",1.34%,20.24,1.79,1.52,Analyze
XYL,Xylem Inc,Common stocks,Large cap,Industrials,"$13,827,518,427 ",1.50%,32.45,2.65,4.28,Analyze
YUM,Yum Brands Inc,Common stocks,Large cap,Consumer Discretionary,"$33,030,523,996 ",1.84%,20.25,4.97,-3.93,Analyze
ZBH,Zimmer Biomet Holdings Inc,Common stocks,Large cap,Health Care,"$21,592,754,061 ",0.93%,53.46,2.82,1.79,Analyze
ZBRA,Zebra Technologies Corp,Common stocks,Large cap,Information Technology,"$15,355,568,153 ",0.00%,18.87,2.69,5.29,Analyze
ZION,Zions Bancorporation,Common stocks,Mid cap,Financials,"$7,598,209,150 ",3.03%,7.65,2.75,1.19,Analyze
ZTS,Zoetis Inc,Common stocks,Large cap,Health Care,"$81,799,966,526 ",0.66%,38.1,10.37,16.96,Analyze
